Monitoring Station,Month,Predicted_AQI,Lower_Bound,Upper_Bound
"Alipur, Delhi - DPCC",1,406.53,371.73,441.34
"Alipur, Delhi - DPCC",2,406.53,371.73,441.34
"Alipur, Delhi - DPCC",3,353.3,318.49,388.11
"Alipur, Delhi - DPCC",4,341.08,306.27,375.89
"Alipur, Delhi - DPCC",5,321.51,286.7,356.32
"Alipur, Delhi - DPCC",6,361.04,326.23,395.85
"Alipur, Delhi - DPCC",7,346.9,312.09,381.71
"Alipur, Delhi - DPCC",8,323.35,288.54,358.16
"Alipur, Delhi - DPCC",9,361.2,326.39,396.0
"Alipur, Delhi - DPCC",10,424.26,389.45,459.07
"Alipur, Delhi - DPCC",11,408.38,373.57,443.18
"Alipur, Delhi - DPCC",12,403.1,368.3,437.91
"Anand Vihar, Delhi - DPCC",1,517.65,495.85,539.44
"Anand Vihar, Delhi - DPCC",2,517.65,495.85,539.44
"Anand Vihar, Delhi - DPCC",3,491.97,470.18,513.77
"Anand Vihar, Delhi - DPCC",4,497.34,475.54,519.14
"Anand Vihar, Delhi - DPCC",5,497.34,475.54,519.14
"Anand Vihar, Delhi - DPCC",6,497.34,475.54,519.14
"Anand Vihar, Delhi - DPCC",7,497.34,475.54,519.14
"Anand Vihar, Delhi - DPCC",8,496.78,474.98,518.57
"Anand Vihar, Delhi - DPCC",9,491.41,469.61,513.21
"Anand Vihar, Delhi - DPCC",10,517.08,495.29,538.88
"Anand Vihar, Delhi - DPCC",11,517.08,495.29,538.88
"Anand Vihar, Delhi - DPCC",12,517.65,495.85,539.44
"Anand_Vihar, Hapur",1,215.88,198.86,232.91
"Anand_Vihar, Hapur",2,215.88,198.86,232.91
"Anand_Vihar, Hapur",3,182.12,165.1,199.15
"Anand_Vihar, Hapur",4,181.42,164.39,198.45
"Anand_Vihar, Hapur",5,181.42,164.39,198.45
"Anand_Vihar, Hapur",6,181.42,164.39,198.45
"Anand_Vihar, Hapur",7,181.42,164.39,198.45
"Anand_Vihar, Hapur",8,181.42,164.39,198.45
"Anand_Vihar, Hapur",9,181.42,164.39,198.45
"Anand_Vihar, Hapur",10,215.88,198.86,232.91
"Anand_Vihar, Hapur",11,215.88,198.86,232.91
"Anand_Vihar, Hapur",12,215.88,198.86,232.91
"Ashok Vihar, Delhi - DPCC",1,430.11,393.23,466.99
"Ashok Vihar, Delhi - DPCC",2,430.11,393.23,466.99
"Ashok Vihar, Delhi - DPCC",3,361.45,324.57,398.33
"Ashok Vihar, Delhi - DPCC",4,366.83,329.95,403.71
"Ashok Vihar, Delhi - DPCC",5,377.8,340.92,414.69
"Ashok Vihar, Delhi - DPCC",6,387.15,350.27,424.03
"Ashok Vihar, Delhi - DPCC",7,387.15,350.27,424.03
"Ashok Vihar, Delhi - DPCC",8,387.93,351.05,424.81
"Ashok Vihar, Delhi - DPCC",9,385.51,348.63,422.39
"Ashok Vihar, Delhi - DPCC",10,465.38,428.5,502.26
"Ashok Vihar, Delhi - DPCC",11,465.38,428.5,502.26
"Ashok Vihar, Delhi - DPCC",12,453.62,416.74,490.5
"Aya Nagar, Delhi - IMD",1,359.4,336.29,382.51
"Aya Nagar, Delhi - IMD",2,359.4,336.29,382.51
"Aya Nagar, Delhi - IMD",3,318.11,295.0,341.22
"Aya Nagar, Delhi - IMD",4,318.28,295.17,341.39
"Aya Nagar, Delhi - IMD",5,334.39,311.28,357.5
"Aya Nagar, Delhi - IMD",6,339.25,316.14,362.36
"Aya Nagar, Delhi - IMD",7,343.75,320.64,366.86
"Aya Nagar, Delhi - IMD",8,314.35,291.24,337.46
"Aya Nagar, Delhi - IMD",9,315.2,292.09,338.31
"Aya Nagar, Delhi - IMD",10,366.6,343.49,389.71
"Aya Nagar, Delhi - IMD",11,384.17,361.06,407.28
"Aya Nagar, Delhi - IMD",12,369.15,346.04,392.26
Bahadurgarh,1,160.75,136.43,185.07
Bahadurgarh,2,186.15,161.83,210.47
Bahadurgarh,3,152.08,127.76,176.4
Bahadurgarh,4,122.15,97.83,146.47
Bahadurgarh,5,145.25,120.93,169.57
Bahadurgarh,6,142.23,117.91,166.56
Bahadurgarh,7,142.23,117.91,166.56
Bahadurgarh,8,142.23,117.91,166.56
Bahadurgarh,9,144.53,120.21,168.86
Bahadurgarh,10,183.13,158.81,207.45
Bahadurgarh,11,186.15,161.83,210.47
Bahadurgarh,12,160.75,136.43,185.07
"Bandra Kurla Complex, Mumbai - IITM",1,150.83,150.83,150.83
"Bandra Kurla Complex, Mumbai - IITM",2,150.83,150.83,150.83
"Bandra Kurla Complex, Mumbai - IITM",3,150.83,150.83,150.83
"Bandra Kurla Complex, Mumbai - IITM",4,150.83,150.83,150.83
"Bandra Kurla Complex, Mumbai - IITM",5,150.83,150.83,150.83
"Bandra Kurla Complex, Mumbai - IITM",6,150.83,150.83,150.83
"Bandra Kurla Complex, Mumbai - IITM",7,150.83,150.83,150.83
"Bandra Kurla Complex, Mumbai - IITM",8,150.83,150.83,150.83
"Bandra Kurla Complex, Mumbai - IITM",9,150.83,150.83,150.83
"Bandra Kurla Complex, Mumbai - IITM",10,150.83,150.83,150.83
"Bandra Kurla Complex, Mumbai - IITM",11,150.83,150.83,150.83
"Bandra Kurla Complex, Mumbai - IITM",12,150.83,150.83,150.83
"Bandra, Mumbai - MPCB",1,92.38,77.19,107.57
"Bandra, Mumbai - MPCB",2,90.47,75.28,105.66
"Bandra, Mumbai - MPCB",3,94.69,79.5,109.88
"Bandra, Mumbai - MPCB",4,94.69,79.5,109.88
"Bandra, Mumbai - MPCB",5,71.19,56.0,86.38
"Bandra, Mumbai - MPCB",6,71.19,56.0,86.38
"Bandra, Mumbai - MPCB",7,75.41,60.22,90.6
"Bandra, Mumbai - MPCB",8,77.32,62.13,92.51
"Bandra, Mumbai - MPCB",9,77.32,62.13,92.51
"Bandra, Mumbai - MPCB",10,77.32,62.13,92.51
"Bandra, Mumbai - MPCB",11,96.6,81.41,111.8
"Bandra, Mumbai - MPCB",12,96.6,81.41,111.8
"Bawana, Delhi - DPCC",1,480.07,444.23,515.9
"Bawana, Delhi - DPCC",2,466.14,430.31,501.97
"Bawana, Delhi - DPCC",3,411.85,376.02,447.68
"Bawana, Delhi - DPCC",4,399.09,363.26,434.92
"Bawana, Delhi - DPCC",5,405.77,369.94,441.6
"Bawana, Delhi - DPCC",6,377.33,341.5,413.16
"Bawana, Delhi - DPCC",7,366.67,330.84,402.51
"Bawana, Delhi - DPCC",8,369.04,333.21,404.87
"Bawana, Delhi - DPCC",9,363.54,327.71,399.38
"Bawana, Delhi - DPCC",10,411.38,375.55,447.21
"Bawana, Delhi - DPCC",11,422.75,386.92,458.58
"Bawana, Delhi - DPCC",12,435.06,399.23,470.9
"Borivali East, Mumbai - IITM",1,111.15,111.15,111.15
"Borivali East, Mumbai - IITM",2,111.15,111.15,111.15
"Borivali East, Mumbai - IITM",3,111.15,111.15,111.15
"Borivali East, Mumbai - IITM",4,111.15,111.15,111.15
"Borivali East, Mumbai - IITM",5,111.15,111.15,111.15
"Borivali East, Mumbai - IITM",6,111.15,111.15,111.15
"Borivali East, Mumbai - IITM",7,111.15,111.15,111.15
"Borivali East, Mumbai - IITM",8,111.15,111.15,111.15
"Borivali East, Mumbai - IITM",9,111.15,111.15,111.15
"Borivali East, Mumbai - IITM",10,111.15,111.15,111.15
"Borivali East, Mumbai - IITM",11,111.15,111.15,111.15
"Borivali East, Mumbai - IITM",12,111.15,111.15,111.15
"Borivali East, Mumbai - MPCB",1,84.17,63.56,104.79
"Borivali East, Mumbai - MPCB",2,86.5,65.89,107.11
"Borivali East, Mumbai - MPCB",3,90.62,70.0,111.23
"Borivali East, Mumbai - MPCB",4,61.45,40.84,82.06
"Borivali East, Mumbai - MPCB",5,61.45,40.84,82.06
"Borivali East, Mumbai - MPCB",6,49.99,29.38,70.61
"Borivali East, Mumbai - MPCB",7,38.64,18.02,59.25
"Borivali East, Mumbai - MPCB",8,38.64,18.02,59.25
"Borivali East, Mumbai - MPCB",9,35.91,15.29,56.52
"Borivali East, Mumbai - MPCB",10,65.26,44.65,85.88
"Borivali East, Mumbai - MPCB",11,65.26,44.65,85.88
"Borivali East, Mumbai - MPCB",12,65.26,44.65,85.88
"Burari Crossing, Delhi - IMD",1,446.99,395.88,498.1
"Burari Crossing, Delhi - IMD",2,446.99,395.88,498.1
"Burari Crossing, Delhi - IMD",3,359.83,308.72,410.95
"Burari Crossing, Delhi - IMD",4,340.31,289.19,391.42
"Burari Crossing, Delhi - IMD",5,340.31,289.19,391.42
"Burari Crossing, Delhi - IMD",6,368.74,317.63,419.85
"Burari Crossing, Delhi - IMD",7,369.3,318.19,420.41
"Burari Crossing, Delhi - IMD",8,340.87,289.75,391.98
"Burari Crossing, Delhi - IMD",9,340.87,289.75,391.98
"Burari Crossing, Delhi - IMD",10,475.98,424.87,527.1
"Burari Crossing, Delhi - IMD",11,442.21,391.09,493.32
"Burari Crossing, Delhi - IMD",12,447.55,396.44,498.66
"CRRI Mathura Road, Delhi - IMD",1,402.91,377.85,427.97
"CRRI Mathura Road, Delhi - IMD",2,391.12,366.06,416.18
"CRRI Mathura Road, Delhi - IMD",3,363.55,338.49,388.61
"CRRI Mathura Road, Delhi - IMD",4,356.38,331.32,381.44
"CRRI Mathura Road, Delhi - IMD",5,360.19,335.13,385.25
"CRRI Mathura Road, Delhi - IMD",6,346.52,321.46,371.58
"CRRI Mathura Road, Delhi - IMD",7,338.26,313.2,363.32
"CRRI Mathura Road, Delhi - IMD",8,338.26,313.2,363.32
"CRRI Mathura Road, Delhi - IMD",9,357.37,332.31,382.43
"CRRI Mathura Road, Delhi - IMD",10,396.65,371.59,421.71
"CRRI Mathura Road, Delhi - IMD",11,403.9,378.84,428.96
"CRRI Mathura Road, Delhi - IMD",12,401.25,376.19,426.31
"Chakala-Andheri East, Mumbai - IITM",1,128.58,128.58,128.58
"Chakala-Andheri East, Mumbai - IITM",2,128.58,128.58,128.58
"Chakala-Andheri East, Mumbai - IITM",3,128.58,128.58,128.58
"Chakala-Andheri East, Mumbai - IITM",4,128.58,128.58,128.58
"Chakala-Andheri East, Mumbai - IITM",5,128.58,128.58,128.58
"Chakala-Andheri East, Mumbai - IITM",6,128.58,128.58,128.58
"Chakala-Andheri East, Mumbai - IITM",7,128.58,128.58,128.58
"Chakala-Andheri East, Mumbai - IITM",8,128.58,128.58,128.58
"Chakala-Andheri East, Mumbai - IITM",9,128.58,128.58,128.58
"Chakala-Andheri East, Mumbai - IITM",10,128.58,128.58,128.58
"Chakala-Andheri East, Mumbai - IITM",11,128.58,128.58,128.58
"Chakala-Andheri East, Mumbai - IITM",12,128.58,128.58,128.58
"Chandni Chowk, Delhi - IITM",1,393.19,393.19,393.19
"Chandni Chowk, Delhi - IITM",2,393.19,393.19,393.19
"Chandni Chowk, Delhi - IITM",3,393.19,393.19,393.19
"Chandni Chowk, Delhi - IITM",4,393.19,393.19,393.19
"Chandni Chowk, Delhi - IITM",5,393.19,393.19,393.19
"Chandni Chowk, Delhi - IITM",6,393.19,393.19,393.19
"Chandni Chowk, Delhi - IITM",7,393.19,393.19,393.19
"Chandni Chowk, Delhi - IITM",8,393.19,393.19,393.19
"Chandni Chowk, Delhi - IITM",9,393.19,393.19,393.19
"Chandni Chowk, Delhi - IITM",10,393.19,393.19,393.19
"Chandni Chowk, Delhi - IITM",11,393.19,393.19,393.19
"Chandni Chowk, Delhi - IITM",12,393.19,393.19,393.19
"Chhatrapati Shivaji Intl. Airport (T2), Mumbai - MPCB",1,176.37,134.65,218.1
"Chhatrapati Shivaji Intl. Airport (T2), Mumbai - MPCB",2,176.37,134.65,218.1
"Chhatrapati Shivaji Intl. Airport (T2), Mumbai - MPCB",3,162.09,120.36,203.82
"Chhatrapati Shivaji Intl. Airport (T2), Mumbai - MPCB",4,108.68,66.95,150.41
"Chhatrapati Shivaji Intl. Airport (T2), Mumbai - MPCB",5,102.25,60.52,143.98
"Chhatrapati Shivaji Intl. Airport (T2), Mumbai - MPCB",6,69.05,27.32,110.78
"Chhatrapati Shivaji Intl. Airport (T2), Mumbai - MPCB",7,61.1,19.37,102.83
"Chhatrapati Shivaji Intl. Airport (T2), Mumbai - MPCB",8,61.1,19.37,102.83
"Chhatrapati Shivaji Intl. Airport (T2), Mumbai - MPCB",9,71.66,29.94,113.39
"Chhatrapati Shivaji Intl. Airport (T2), Mumbai - MPCB",10,128.79,87.06,170.52
"Chhatrapati Shivaji Intl. Airport (T2), Mumbai - MPCB",11,138.18,96.45,179.91
"Chhatrapati Shivaji Intl. Airport (T2), Mumbai - MPCB",12,142.81,101.08,184.54
"Colaba, Mumbai - MPCB",1,149.01,132.81,165.21
"Colaba, Mumbai - MPCB",2,149.01,132.81,165.21
"Colaba, Mumbai - MPCB",3,140.87,124.67,157.07
"Colaba, Mumbai - MPCB",4,115.95,99.75,132.15
"Colaba, Mumbai - MPCB",5,115.95,99.75,132.15
"Colaba, Mumbai - MPCB",6,109.66,93.46,125.86
"Colaba, Mumbai - MPCB",7,109.66,93.46,125.86
"Colaba, Mumbai - MPCB",8,109.66,93.46,125.86
"Colaba, Mumbai - MPCB",9,120.62,104.42,136.82
"Colaba, Mumbai - MPCB",10,142.72,126.52,158.92
"Colaba, Mumbai - MPCB",11,142.72,126.52,158.92
"Colaba, Mumbai - MPCB",12,142.72,126.52,158.92
"DTU, Delhi - CPCB",1,425.18,407.75,442.6
"DTU, Delhi - CPCB",2,425.18,407.75,442.6
"DTU, Delhi - CPCB",3,384.1,366.67,401.52
"DTU, Delhi - CPCB",4,399.0,381.58,416.42
"DTU, Delhi - CPCB",5,400.78,383.36,418.2
"DTU, Delhi - CPCB",6,394.38,376.96,411.81
"DTU, Delhi - CPCB",7,400.78,383.36,418.2
"DTU, Delhi - CPCB",8,400.78,383.36,418.2
"DTU, Delhi - CPCB",9,400.78,383.36,418.2
"DTU, Delhi - CPCB",10,426.96,409.53,444.38
"DTU, Delhi - CPCB",11,426.96,409.53,444.38
"DTU, Delhi - CPCB",12,425.18,407.75,442.6
"DU, Delhi - IMD",1,411.3,382.47,440.13
"DU, Delhi - IMD",2,393.06,364.23,421.88
"DU, Delhi - IMD",3,349.77,320.94,378.6
"DU, Delhi - IMD",4,345.7,316.87,374.52
"DU, Delhi - IMD",5,365.06,336.23,393.89
"DU, Delhi - IMD",6,333.4,304.57,362.23
"DU, Delhi - IMD",7,319.39,290.56,348.22
"DU, Delhi - IMD",8,332.04,303.21,360.86
"DU, Delhi - IMD",9,313.14,284.31,341.96
"DU, Delhi - IMD",10,352.93,324.1,381.75
"DU, Delhi - IMD",11,373.28,344.46,402.11
"DU, Delhi - IMD",12,386.65,357.82,415.48
"Deonar, Mumbai - IITM",1,137.06,137.06,137.06
"Deonar, Mumbai - IITM",2,137.06,137.06,137.06
"Deonar, Mumbai - IITM",3,137.06,137.06,137.06
"Deonar, Mumbai - IITM",4,137.06,137.06,137.06
"Deonar, Mumbai - IITM",5,137.06,137.06,137.06
"Deonar, Mumbai - IITM",6,137.06,137.06,137.06
"Deonar, Mumbai - IITM",7,137.06,137.06,137.06
"Deonar, Mumbai - IITM",8,137.06,137.06,137.06
"Deonar, Mumbai - IITM",9,137.06,137.06,137.06
"Deonar, Mumbai - IITM",10,137.06,137.06,137.06
"Deonar, Mumbai - IITM",11,137.06,137.06,137.06
"Deonar, Mumbai - IITM",12,137.06,137.06,137.06
"Dr. Karni Singh Shooting Range, Delhi - DPCC",1,382.66,356.6,408.72
"Dr. Karni Singh Shooting Range, Delhi - DPCC",2,382.66,356.6,408.72
"Dr. Karni Singh Shooting Range, Delhi - DPCC",3,336.72,310.66,362.77
"Dr. Karni Singh Shooting Range, Delhi - DPCC",4,340.66,314.6,366.72
"Dr. Karni Singh Shooting Range, Delhi - DPCC",5,340.01,313.95,366.07
"Dr. Karni Singh Shooting Range, Delhi - DPCC",6,360.89,334.83,386.95
"Dr. Karni Singh Shooting Range, Delhi - DPCC",7,360.89,334.83,386.95
"Dr. Karni Singh Shooting Range, Delhi - DPCC",8,353.02,326.96,379.08
"Dr. Karni Singh Shooting Range, Delhi - DPCC",9,320.47,294.41,346.53
"Dr. Karni Singh Shooting Range, Delhi - DPCC",10,384.52,358.46,410.58
"Dr. Karni Singh Shooting Range, Delhi - DPCC",11,410.74,384.69,436.8
"Dr. Karni Singh Shooting Range, Delhi - DPCC",12,379.81,353.75,405.87
"Dwarka-Sector 8, Delhi - DPCC ",1,443.17,407.9,478.44
"Dwarka-Sector 8, Delhi - DPCC ",2,444.05,408.78,479.32
"Dwarka-Sector 8, Delhi - DPCC ",3,392.29,357.02,427.56
"Dwarka-Sector 8, Delhi - DPCC ",4,405.6,370.33,440.87
"Dwarka-Sector 8, Delhi - DPCC ",5,408.91,373.64,444.18
"Dwarka-Sector 8, Delhi - DPCC ",6,410.9,375.63,446.17
"Dwarka-Sector 8, Delhi - DPCC ",7,408.17,372.9,443.44
"Dwarka-Sector 8, Delhi - DPCC ",8,412.53,377.26,447.8
"Dwarka-Sector 8, Delhi - DPCC ",9,419.37,384.1,454.64
"Dwarka-Sector 8, Delhi - DPCC ",10,494.59,459.32,529.86
"Dwarka-Sector 8, Delhi - DPCC ",11,493.71,458.44,528.98
"Dwarka-Sector 8, Delhi - DPCC ",12,469.05,433.78,504.32
"Ganga Nagar, Meerut",1,266.34,212.15,320.53
"Ganga Nagar, Meerut",2,266.34,212.15,320.53
"Ganga Nagar, Meerut",3,193.73,139.54,247.92
"Ganga Nagar, Meerut",4,176.38,122.19,230.58
"Ganga Nagar, Meerut",5,166.0,111.81,220.19
"Ganga Nagar, Meerut",6,123.22,69.03,177.42
"Ganga Nagar, Meerut",7,123.22,69.03,177.42
"Ganga Nagar, Meerut",8,105.47,51.27,159.66
"Ganga Nagar, Meerut",9,107.2,53.01,161.39
"Ganga Nagar, Meerut",10,201.6,147.41,255.79
"Ganga Nagar, Meerut",11,201.6,147.41,255.79
"Ganga Nagar, Meerut",12,219.36,165.16,273.55
"IGI Airport (T3), Delhi - IMD",1,436.06,375.46,496.65
"IGI Airport (T3), Delhi - IMD",2,379.87,319.27,440.46
"IGI Airport (T3), Delhi - IMD",3,324.33,263.73,384.93
"IGI Airport (T3), Delhi - IMD",4,264.22,203.62,324.81
"IGI Airport (T3), Delhi - IMD",5,278.61,218.01,339.2
"IGI Airport (T3), Delhi - IMD",6,253.53,192.93,314.12
"IGI Airport (T3), Delhi - IMD",7,244.62,184.02,305.22
"IGI Airport (T3), Delhi - IMD",8,243.71,183.12,304.31
"IGI Airport (T3), Delhi - IMD",9,243.71,183.12,304.31
"IGI Airport (T3), Delhi - IMD",10,333.61,273.02,394.21
"IGI Airport (T3), Delhi - IMD",11,364.35,303.75,424.94
"IGI Airport (T3), Delhi - IMD",12,403.13,342.53,463.72
"IHBAS, Dilshad Garden, Delhi - CPCB",1,394.19,374.96,413.42
"IHBAS, Dilshad Garden, Delhi - CPCB",2,394.19,374.96,413.42
"IHBAS, Dilshad Garden, Delhi - CPCB",3,368.68,349.45,387.91
"IHBAS, Dilshad Garden, Delhi - CPCB",4,355.49,336.26,374.72
"IHBAS, Dilshad Garden, Delhi - CPCB",5,354.62,335.39,373.85
"IHBAS, Dilshad Garden, Delhi - CPCB",6,354.62,335.39,373.85
"IHBAS, Dilshad Garden, Delhi - CPCB",7,354.62,335.39,373.85
"IHBAS, Dilshad Garden, Delhi - CPCB",8,361.89,342.65,381.12
"IHBAS, Dilshad Garden, Delhi - CPCB",9,361.89,342.65,381.12
"IHBAS, Dilshad Garden, Delhi - CPCB",10,400.59,381.36,419.82
"IHBAS, Dilshad Garden, Delhi - CPCB",11,400.59,381.36,419.82
"IHBAS, Dilshad Garden, Delhi - CPCB",12,394.19,374.96,413.42
IMT_Manesar,1,242.89,216.69,269.09
IMT_Manesar,2,242.89,216.69,269.09
IMT_Manesar,3,191.46,165.26,217.66
IMT_Manesar,4,191.46,165.26,217.66
IMT_Manesar,5,199.9,173.7,226.1
IMT_Manesar,6,199.9,173.7,226.1
IMT_Manesar,7,188.67,162.47,214.87
IMT_Manesar,8,188.67,162.47,214.87
IMT_Manesar,9,209.61,183.41,235.81
IMT_Manesar,10,261.04,234.84,287.24
IMT_Manesar,11,245.59,219.39,271.79
IMT_Manesar,12,242.89,216.69,269.09
"ITO, Delhi - CPCB",1,402.0,370.72,433.28
"ITO, Delhi - CPCB",2,390.51,359.23,421.79
"ITO, Delhi - CPCB",3,335.38,304.1,366.66
"ITO, Delhi - CPCB",4,350.15,318.88,381.43
"ITO, Delhi - CPCB",5,348.77,317.49,380.05
"ITO, Delhi - CPCB",6,355.49,324.21,386.77
"ITO, Delhi - CPCB",7,320.81,289.53,352.09
"ITO, Delhi - CPCB",8,330.17,298.9,361.45
"ITO, Delhi - CPCB",9,314.12,282.85,345.4
"ITO, Delhi - CPCB",10,377.93,346.65,409.21
"ITO, Delhi - CPCB",11,415.27,383.99,446.54
"ITO, Delhi - CPCB",12,383.64,352.36,414.91
"Indirapuram, Ghaziabad",1,282.15,231.24,333.05
"Indirapuram, Ghaziabad",2,298.74,247.84,349.65
"Indirapuram, Ghaziabad",3,197.16,146.25,248.06
"Indirapuram, Ghaziabad",4,197.16,146.25,248.06
"Indirapuram, Ghaziabad",5,192.6,141.7,243.51
"Indirapuram, Ghaziabad",6,148.18,97.28,199.08
"Indirapuram, Ghaziabad",7,142.38,91.48,193.28
"Indirapuram, Ghaziabad",8,142.38,91.48,193.28
"Indirapuram, Ghaziabad",9,143.78,92.88,194.69
"Indirapuram, Ghaziabad",10,231.77,180.87,282.68
"Indirapuram, Ghaziabad",11,228.84,177.94,279.74
"Indirapuram, Ghaziabad",12,222.6,171.69,273.5
"Jahangirpuri, Delhi - DPCC",1,482.03,448.28,515.77
"Jahangirpuri, Delhi - DPCC",2,482.03,448.28,515.77
"Jahangirpuri, Delhi - DPCC",3,409.62,375.87,443.37
"Jahangirpuri, Delhi - DPCC",4,416.68,382.93,450.42
"Jahangirpuri, Delhi - DPCC",5,420.06,386.32,453.81
"Jahangirpuri, Delhi - DPCC",6,431.46,397.72,465.21
"Jahangirpuri, Delhi - DPCC",7,420.14,386.4,453.89
"Jahangirpuri, Delhi - DPCC",8,420.46,386.71,454.2
"Jahangirpuri, Delhi - DPCC",9,434.81,401.07,468.56
"Jahangirpuri, Delhi - DPCC",10,497.71,463.97,531.46
"Jahangirpuri, Delhi - DPCC",11,491.26,457.52,525.01
"Jahangirpuri, Delhi - DPCC",12,495.32,461.58,529.07
"Jai Bhim nagar, Meerut",1,284.78,242.29,327.28
"Jai Bhim nagar, Meerut",2,284.78,242.29,327.28
"Jai Bhim nagar, Meerut",3,201.2,158.7,243.7
"Jai Bhim nagar, Meerut",4,200.47,157.98,242.97
"Jai Bhim nagar, Meerut",5,200.47,157.98,242.97
"Jai Bhim nagar, Meerut",6,192.51,150.02,235.01
"Jai Bhim nagar, Meerut",7,192.51,150.02,235.01
"Jai Bhim nagar, Meerut",8,153.57,111.08,196.07
"Jai Bhim nagar, Meerut",9,153.57,111.08,196.07
"Jai Bhim nagar, Meerut",10,204.54,162.04,247.04
"Jai Bhim nagar, Meerut",11,206.14,163.64,248.63
"Jai Bhim nagar, Meerut",12,266.95,224.45,309.44
"Jawaharlal Nehru Stadium, Delhi - DPCC",1,395.73,358.54,432.92
"Jawaharlal Nehru Stadium, Delhi - DPCC",2,395.73,358.54,432.92
"Jawaharlal Nehru Stadium, Delhi - DPCC",3,349.54,312.35,386.73
"Jawaharlal Nehru Stadium, Delhi - DPCC",4,327.27,290.08,364.46
"Jawaharlal Nehru Stadium, Delhi - DPCC",5,328.34,291.15,365.53
"Jawaharlal Nehru Stadium, Delhi - DPCC",6,342.48,305.29,379.67
"Jawaharlal Nehru Stadium, Delhi - DPCC",7,338.47,301.28,375.66
"Jawaharlal Nehru Stadium, Delhi - DPCC",8,340.51,303.32,377.7
"Jawaharlal Nehru Stadium, Delhi - DPCC",9,331.63,294.43,368.82
"Jawaharlal Nehru Stadium, Delhi - DPCC",10,413.8,376.61,450.99
"Jawaharlal Nehru Stadium, Delhi - DPCC",11,421.79,384.6,458.98
"Jawaharlal Nehru Stadium, Delhi - DPCC",12,422.68,385.49,459.88
"Kandivali East, Mumbai - MPCB",1,107.24,107.24,107.24
"Kandivali East, Mumbai - MPCB",2,107.24,107.24,107.24
"Kandivali East, Mumbai - MPCB",3,107.24,107.24,107.24
"Kandivali East, Mumbai - MPCB",4,107.24,107.24,107.24
"Kandivali East, Mumbai - MPCB",5,107.24,107.24,107.24
"Kandivali East, Mumbai - MPCB",6,107.24,107.24,107.24
"Kandivali East, Mumbai - MPCB",7,107.24,107.24,107.24
"Kandivali East, Mumbai - MPCB",8,107.24,107.24,107.24
"Kandivali East, Mumbai - MPCB",9,107.24,107.24,107.24
"Kandivali East, Mumbai - MPCB",10,107.24,107.24,107.24
"Kandivali East, Mumbai - MPCB",11,107.24,107.24,107.24
"Kandivali East, Mumbai - MPCB",12,107.24,107.24,107.24
"Karve Road, Pune - MPCB",1,92.75,79.11,106.4
"Karve Road, Pune - MPCB",2,95.55,81.91,109.2
"Karve Road, Pune - MPCB",3,83.13,69.49,96.78
"Karve Road, Pune - MPCB",4,83.13,69.49,96.78
"Karve Road, Pune - MPCB",5,92.75,79.1,106.39
"Karve Road, Pune - MPCB",6,86.83,73.18,100.47
"Karve Road, Pune - MPCB",7,75.74,62.09,89.38
"Karve Road, Pune - MPCB",8,84.02,70.37,97.66
"Karve Road, Pune - MPCB",9,90.53,76.89,104.17
"Karve Road, Pune - MPCB",10,88.72,75.08,102.37
"Karve Road, Pune - MPCB",11,76.74,63.09,90.38
"Karve Road, Pune - MPCB",12,79.27,65.63,92.91
"Khindipada-Bhandup West, Mumbai - IITM",1,104.27,104.27,104.27
"Khindipada-Bhandup West, Mumbai - IITM",2,104.27,104.27,104.27
"Khindipada-Bhandup West, Mumbai - IITM",3,104.27,104.27,104.27
"Khindipada-Bhandup West, Mumbai - IITM",4,104.27,104.27,104.27
"Khindipada-Bhandup West, Mumbai - IITM",5,104.27,104.27,104.27
"Khindipada-Bhandup West, Mumbai - IITM",6,104.27,104.27,104.27
"Khindipada-Bhandup West, Mumbai - IITM",7,104.27,104.27,104.27
"Khindipada-Bhandup West, Mumbai - IITM",8,104.27,104.27,104.27
"Khindipada-Bhandup West, Mumbai - IITM",9,104.27,104.27,104.27
"Khindipada-Bhandup West, Mumbai - IITM",10,104.27,104.27,104.27
"Khindipada-Bhandup West, Mumbai - IITM",11,104.27,104.27,104.27
"Khindipada-Bhandup West, Mumbai - IITM",12,104.27,104.27,104.27
"Knowledge Park III, Greater Noida",1,306.84,258.02,355.65
"Knowledge Park III, Greater Noida",2,306.84,258.02,355.65
"Knowledge Park III, Greater Noida",3,213.37,164.56,262.18
"Knowledge Park III, Greater Noida",4,210.61,161.8,259.42
"Knowledge Park III, Greater Noida",5,203.53,154.72,252.34
"Knowledge Park III, Greater Noida",6,209.83,161.02,258.64
"Knowledge Park III, Greater Noida",7,209.83,161.02,258.64
"Knowledge Park III, Greater Noida",8,209.83,161.02,258.64
"Knowledge Park III, Greater Noida",9,214.84,166.03,263.65
"Knowledge Park III, Greater Noida",10,310.04,261.22,358.85
"Knowledge Park III, Greater Noida",11,314.59,265.78,363.4
"Knowledge Park III, Greater Noida",12,310.36,261.54,359.17
"Knowlwdge Park V, Greater Noida",1,302.38,251.71,353.06
"Knowlwdge Park V, Greater Noida",2,302.38,251.71,353.06
"Knowlwdge Park V, Greater Noida",3,200.21,149.54,250.89
"Knowlwdge Park V, Greater Noida",4,193.07,142.4,243.75
"Knowlwdge Park V, Greater Noida",5,201.15,150.47,251.82
"Knowlwdge Park V, Greater Noida",6,215.66,164.99,266.34
"Knowlwdge Park V, Greater Noida",7,220.12,169.44,270.79
"Knowlwdge Park V, Greater Noida",8,220.12,169.44,270.79
"Knowlwdge Park V, Greater Noida",9,220.12,169.44,270.79
"Knowlwdge Park V, Greater Noida",10,322.29,271.61,372.96
"Knowlwdge Park V, Greater Noida",11,316.7,266.02,367.37
"Knowlwdge Park V, Greater Noida",12,315.76,265.09,366.44
"Kurla, Mumbai - MPCB",1,175.38,146.15,204.6
"Kurla, Mumbai - MPCB",2,192.8,163.57,222.02
"Kurla, Mumbai - MPCB",3,168.9,139.68,198.13
"Kurla, Mumbai - MPCB",4,142.74,113.51,171.96
"Kurla, Mumbai - MPCB",5,142.74,113.51,171.96
"Kurla, Mumbai - MPCB",6,133.42,104.19,162.64
"Kurla, Mumbai - MPCB",7,120.28,91.05,149.5
"Kurla, Mumbai - MPCB",8,124.91,95.68,154.13
"Kurla, Mumbai - MPCB",9,73.99,44.77,103.22
"Kurla, Mumbai - MPCB",10,129.09,99.87,158.32
"Kurla, Mumbai - MPCB",11,144.46,115.23,173.68
"Kurla, Mumbai - MPCB",12,122.78,93.56,152.01
"Lodhi Road, Delhi - IITM",1,236.97,236.97,236.97
"Lodhi Road, Delhi - IITM",2,236.97,236.97,236.97
"Lodhi Road, Delhi - IITM",3,236.97,236.97,236.97
"Lodhi Road, Delhi - IITM",4,236.97,236.97,236.97
"Lodhi Road, Delhi - IITM",5,236.97,236.97,236.97
"Lodhi Road, Delhi - IITM",6,236.97,236.97,236.97
"Lodhi Road, Delhi - IITM",7,236.97,236.97,236.97
"Lodhi Road, Delhi - IITM",8,236.97,236.97,236.97
"Lodhi Road, Delhi - IITM",9,236.97,236.97,236.97
"Lodhi Road, Delhi - IITM",10,236.97,236.97,236.97
"Lodhi Road, Delhi - IITM",11,236.97,236.97,236.97
"Lodhi Road, Delhi - IITM",12,236.97,236.97,236.97
"Lodhi Road, Delhi - IMD",1,360.24,337.48,383.0
"Lodhi Road, Delhi - IMD",2,366.99,344.23,389.76
"Lodhi Road, Delhi - IMD",3,331.71,308.95,354.47
"Lodhi Road, Delhi - IMD",4,324.82,302.06,347.59
"Lodhi Road, Delhi - IMD",5,316.42,293.66,339.18
"Lodhi Road, Delhi - IMD",6,323.02,300.26,345.78
"Lodhi Road, Delhi - IMD",7,317.91,295.15,340.68
"Lodhi Road, Delhi - IMD",8,328.07,305.31,350.83
"Lodhi Road, Delhi - IMD",9,317.45,294.68,340.21
"Lodhi Road, Delhi - IMD",10,380.76,358.0,403.52
"Lodhi Road, Delhi - IMD",11,347.73,324.97,370.49
"Lodhi Road, Delhi - IMD",12,377.59,354.83,400.35
"Loni, Ghaziabad",1,217.13,166.83,267.43
"Loni, Ghaziabad",2,217.13,166.83,267.43
"Loni, Ghaziabad",3,159.87,109.57,210.17
"Loni, Ghaziabad",4,152.88,102.59,203.18
"Loni, Ghaziabad",5,123.63,73.33,173.93
"Loni, Ghaziabad",6,142.21,91.91,192.51
"Loni, Ghaziabad",7,135.88,85.59,186.18
"Loni, Ghaziabad",8,135.88,85.59,186.18
"Loni, Ghaziabad",9,145.99,95.69,196.29
"Loni, Ghaziabad",10,210.24,159.94,260.53
"Loni, Ghaziabad",11,210.24,159.94,260.53
"Loni, Ghaziabad",12,229.38,179.08,279.68
"Major Dhyan Chand National Stadium, Delhi - DPCC",1,408.51,380.97,436.05
"Major Dhyan Chand National Stadium, Delhi - DPCC",2,408.51,380.97,436.05
"Major Dhyan Chand National Stadium, Delhi - DPCC",3,361.92,334.39,389.46
"Major Dhyan Chand National Stadium, Delhi - DPCC",4,367.2,339.66,394.73
"Major Dhyan Chand National Stadium, Delhi - DPCC",5,382.52,354.99,410.06
"Major Dhyan Chand National Stadium, Delhi - DPCC",6,393.86,366.32,421.4
"Major Dhyan Chand National Stadium, Delhi - DPCC",7,381.52,353.99,409.06
"Major Dhyan Chand National Stadium, Delhi - DPCC",8,370.31,342.77,397.85
"Major Dhyan Chand National Stadium, Delhi - DPCC",9,369.1,341.56,396.64
"Major Dhyan Chand National Stadium, Delhi - DPCC",10,442.86,415.32,470.39
"Major Dhyan Chand National Stadium, Delhi - DPCC",11,443.5,415.96,471.03
"Major Dhyan Chand National Stadium, Delhi - DPCC",12,420.41,392.87,447.94
"Malad West, Mumbai - IITM",1,115.56,115.56,115.56
"Malad West, Mumbai - IITM",2,115.56,115.56,115.56
"Malad West, Mumbai - IITM",3,115.56,115.56,115.56
"Malad West, Mumbai - IITM",4,115.56,115.56,115.56
"Malad West, Mumbai - IITM",5,115.56,115.56,115.56
"Malad West, Mumbai - IITM",6,115.56,115.56,115.56
"Malad West, Mumbai - IITM",7,115.56,115.56,115.56
"Malad West, Mumbai - IITM",8,115.56,115.56,115.56
"Malad West, Mumbai - IITM",9,115.56,115.56,115.56
"Malad West, Mumbai - IITM",10,115.56,115.56,115.56
"Malad West, Mumbai - IITM",11,115.56,115.56,115.56
"Malad West, Mumbai - IITM",12,115.56,115.56,115.56
"Mandir Marg, Delhi - DPCC",1,391.59,363.66,419.52
"Mandir Marg, Delhi - DPCC",2,368.22,340.29,396.15
"Mandir Marg, Delhi - DPCC",3,337.22,309.29,365.15
"Mandir Marg, Delhi - DPCC",4,344.75,316.82,372.68
"Mandir Marg, Delhi - DPCC",5,382.37,354.43,410.3
"Mandir Marg, Delhi - DPCC",6,374.15,346.22,402.08
"Mandir Marg, Delhi - DPCC",7,332.03,304.1,359.96
"Mandir Marg, Delhi - DPCC",8,325.82,297.89,353.75
"Mandir Marg, Delhi - DPCC",9,372.19,344.26,400.12
"Mandir Marg, Delhi - DPCC",10,406.79,378.86,434.72
"Mandir Marg, Delhi - DPCC",11,400.05,372.12,427.99
"Mandir Marg, Delhi - DPCC",12,405.58,377.65,433.51
"Mazgaon, Mumbai - IITM",1,154.7,154.7,154.7
"Mazgaon, Mumbai - IITM",2,154.7,154.7,154.7
"Mazgaon, Mumbai - IITM",3,154.7,154.7,154.7
"Mazgaon, Mumbai - IITM",4,154.7,154.7,154.7
"Mazgaon, Mumbai - IITM",5,154.7,154.7,154.7
"Mazgaon, Mumbai - IITM",6,154.7,154.7,154.7
"Mazgaon, Mumbai - IITM",7,154.7,154.7,154.7
"Mazgaon, Mumbai - IITM",8,154.7,154.7,154.7
"Mazgaon, Mumbai - IITM",9,154.7,154.7,154.7
"Mazgaon, Mumbai - IITM",10,154.7,154.7,154.7
"Mazgaon, Mumbai - IITM",11,154.7,154.7,154.7
"Mazgaon, Mumbai - IITM",12,154.7,154.7,154.7
"Mulund West, Mumbai - MPCB",1,110.47,110.47,110.47
"Mulund West, Mumbai - MPCB",2,110.47,110.47,110.47
"Mulund West, Mumbai - MPCB",3,110.47,110.47,110.47
"Mulund West, Mumbai - MPCB",4,110.47,110.47,110.47
"Mulund West, Mumbai - MPCB",5,110.47,110.47,110.47
"Mulund West, Mumbai - MPCB",6,110.47,110.47,110.47
"Mulund West, Mumbai - MPCB",7,110.47,110.47,110.47
"Mulund West, Mumbai - MPCB",8,110.47,110.47,110.47
"Mulund West, Mumbai - MPCB",9,110.47,110.47,110.47
"Mulund West, Mumbai - MPCB",10,110.47,110.47,110.47
"Mulund West, Mumbai - MPCB",11,110.47,110.47,110.47
"Mulund West, Mumbai - MPCB",12,110.47,110.47,110.47
"Mundka, Delhi - DPCC",1,477.18,444.93,509.43
"Mundka, Delhi - DPCC",2,475.95,443.7,508.2
"Mundka, Delhi - DPCC",3,416.48,384.23,448.73
"Mundka, Delhi - DPCC",4,417.71,385.46,449.96
"Mundka, Delhi - DPCC",5,391.39,359.14,423.64
"Mundka, Delhi - DPCC",6,386.52,354.27,418.77
"Mundka, Delhi - DPCC",7,379.59,347.34,411.84
"Mundka, Delhi - DPCC",8,412.86,380.6,445.11
"Mundka, Delhi - DPCC",9,428.81,396.56,461.06
"Mundka, Delhi - DPCC",10,469.82,437.57,502.07
"Mundka, Delhi - DPCC",11,441.56,409.31,473.81
"Mundka, Delhi - DPCC",12,451.78,419.52,484.03
"Municipal_Corporation_Office, Dharuhera",1,261.98,225.74,298.22
"Municipal_Corporation_Office, Dharuhera",2,261.98,225.74,298.22
"Municipal_Corporation_Office, Dharuhera",3,206.53,170.29,242.77
"Municipal_Corporation_Office, Dharuhera",4,206.53,170.29,242.77
"Municipal_Corporation_Office, Dharuhera",5,198.8,162.57,235.04
"Municipal_Corporation_Office, Dharuhera",6,179.69,143.45,215.93
"Municipal_Corporation_Office, Dharuhera",7,179.69,143.45,215.93
"Municipal_Corporation_Office, Dharuhera",8,176.94,140.7,213.18
"Municipal_Corporation_Office, Dharuhera",9,185.02,148.79,221.26
"Municipal_Corporation_Office, Dharuhera",10,240.47,204.23,276.71
"Municipal_Corporation_Office, Dharuhera",11,272.29,236.05,308.53
"Municipal_Corporation_Office, Dharuhera",12,263.91,227.67,300.14
Murthal_Sonipat,1,191.28,182.76,199.8
Murthal_Sonipat,2,191.28,182.76,199.8
Murthal_Sonipat,3,178.03,169.51,186.55
Murthal_Sonipat,4,177.07,168.55,185.59
Murthal_Sonipat,5,187.15,178.63,195.67
Murthal_Sonipat,6,187.15,178.63,195.67
Murthal_Sonipat,7,172.44,163.92,180.96
Murthal_Sonipat,8,179.3,170.78,187.83
Murthal_Sonipat,9,197.26,188.74,205.78
Murthal_Sonipat,10,197.46,188.93,205.98
Murthal_Sonipat,11,197.46,188.93,205.98
Murthal_Sonipat,12,190.59,182.07,199.11
NISE Gwal Pahari Gurugram - IMD,1,240.33,192.05,288.61
NISE Gwal Pahari Gurugram - IMD,2,240.33,192.05,288.61
NISE Gwal Pahari Gurugram - IMD,3,151.29,103.01,199.56
NISE Gwal Pahari Gurugram - IMD,4,151.63,103.35,199.9
NISE Gwal Pahari Gurugram - IMD,5,175.66,127.38,223.94
NISE Gwal Pahari Gurugram - IMD,6,136.64,88.36,184.92
NISE Gwal Pahari Gurugram - IMD,7,142.09,93.81,190.36
NISE Gwal Pahari Gurugram - IMD,8,147.8,99.52,196.08
NISE Gwal Pahari Gurugram - IMD,9,148.68,100.4,196.96
NISE Gwal Pahari Gurugram - IMD,10,237.72,189.45,286.0
NISE Gwal Pahari Gurugram - IMD,11,266.3,218.02,314.58
NISE Gwal Pahari Gurugram - IMD,12,236.76,188.48,285.03
"NISE Gwal Pahari, Gurugram - IMD",1,240.33,192.05,288.61
"NISE Gwal Pahari, Gurugram - IMD",2,240.33,192.05,288.61
"NISE Gwal Pahari, Gurugram - IMD",3,151.29,103.01,199.56
"NISE Gwal Pahari, Gurugram - IMD",4,151.63,103.35,199.9
"NISE Gwal Pahari, Gurugram - IMD",5,175.66,127.38,223.94
"NISE Gwal Pahari, Gurugram - IMD",6,136.64,88.36,184.92
"NISE Gwal Pahari, Gurugram - IMD",7,142.09,93.81,190.36
"NISE Gwal Pahari, Gurugram - IMD",8,147.8,99.52,196.08
"NISE Gwal Pahari, Gurugram - IMD",9,148.68,100.4,196.96
"NISE Gwal Pahari, Gurugram - IMD",10,237.72,189.45,286.0
"NISE Gwal Pahari, Gurugram - IMD",11,266.3,218.02,314.58
"NISE Gwal Pahari, Gurugram - IMD",12,236.76,188.48,285.03
"NSIT Dwarka, Delhi - CPCB",1,423.1,377.97,468.23
"NSIT Dwarka, Delhi - CPCB",2,423.1,377.97,468.23
"NSIT Dwarka, Delhi - CPCB",3,423.1,377.97,468.23
"NSIT Dwarka, Delhi - CPCB",4,381.48,336.35,426.61
"NSIT Dwarka, Delhi - CPCB",5,336.82,291.69,381.95
"NSIT Dwarka, Delhi - CPCB",6,323.25,278.12,368.38
"NSIT Dwarka, Delhi - CPCB",7,317.26,272.13,362.39
"NSIT Dwarka, Delhi - CPCB",8,332.19,287.06,377.32
"NSIT Dwarka, Delhi - CPCB",9,349.99,304.86,395.12
"NSIT Dwarka, Delhi - CPCB",10,406.83,361.7,451.95
"NSIT Dwarka, Delhi - CPCB",11,435.27,390.14,480.4
"NSIT Dwarka, Delhi - CPCB",12,434.53,389.4,479.66
"Najafgarh, Delhi - DPCC",1,317.55,277.0,358.1
"Najafgarh, Delhi - DPCC",2,317.55,277.0,358.1
"Najafgarh, Delhi - DPCC",3,318.6,278.05,359.16
"Najafgarh, Delhi - DPCC",4,320.98,280.43,361.53
"Najafgarh, Delhi - DPCC",5,320.98,280.43,361.53
"Najafgarh, Delhi - DPCC",6,310.2,269.65,350.75
"Najafgarh, Delhi - DPCC",7,308.75,268.2,349.3
"Najafgarh, Delhi - DPCC",8,293.46,252.91,334.01
"Najafgarh, Delhi - DPCC",9,278.85,238.3,319.41
"Najafgarh, Delhi - DPCC",10,303.56,263.01,344.11
"Najafgarh, Delhi - DPCC",11,303.56,263.01,344.11
"Najafgarh, Delhi - DPCC",12,303.56,263.01,344.11
"Narela, Delhi - DPCC",1,414.01,399.84,428.18
"Narela, Delhi - DPCC",2,414.24,400.07,428.42
"Narela, Delhi - DPCC",3,391.35,377.18,405.52
"Narela, Delhi - DPCC",4,385.34,371.17,399.51
"Narela, Delhi - DPCC",5,398.71,384.54,412.88
"Narela, Delhi - DPCC",6,403.0,388.83,417.17
"Narela, Delhi - DPCC",7,403.82,389.65,418.0
"Narela, Delhi - DPCC",8,403.82,389.65,418.0
"Narela, Delhi - DPCC",9,375.57,361.4,389.74
"Narela, Delhi - DPCC",10,398.83,384.66,413.0
"Narela, Delhi - DPCC",11,410.12,395.95,424.29
"Narela, Delhi - DPCC",12,427.28,413.11,441.45
"Navy Nagar-Colaba, Mumbai - IITM",1,140.03,140.03,140.03
"Navy Nagar-Colaba, Mumbai - IITM",2,140.03,140.03,140.03
"Navy Nagar-Colaba, Mumbai - IITM",3,140.03,140.03,140.03
"Navy Nagar-Colaba, Mumbai - IITM",4,140.03,140.03,140.03
"Navy Nagar-Colaba, Mumbai - IITM",5,140.03,140.03,140.03
"Navy Nagar-Colaba, Mumbai - IITM",6,140.03,140.03,140.03
"Navy Nagar-Colaba, Mumbai - IITM",7,140.03,140.03,140.03
"Navy Nagar-Colaba, Mumbai - IITM",8,140.03,140.03,140.03
"Navy Nagar-Colaba, Mumbai - IITM",9,140.03,140.03,140.03
"Navy Nagar-Colaba, Mumbai - IITM",10,140.03,140.03,140.03
"Navy Nagar-Colaba, Mumbai - IITM",11,140.03,140.03,140.03
"Navy Nagar-Colaba, Mumbai - IITM",12,140.03,140.03,140.03
"Nehru Nagar, Delhi - DPCC",1,453.75,414.19,493.32
"Nehru Nagar, Delhi - DPCC",2,453.75,414.19,493.32
"Nehru Nagar, Delhi - DPCC",3,365.47,325.9,405.04
"Nehru Nagar, Delhi - DPCC",4,369.85,330.28,409.41
"Nehru Nagar, Delhi - DPCC",5,376.31,336.74,415.88
"Nehru Nagar, Delhi - DPCC",6,366.43,326.87,406.0
"Nehru Nagar, Delhi - DPCC",7,363.44,323.87,403.01
"Nehru Nagar, Delhi - DPCC",8,364.41,324.84,403.98
"Nehru Nagar, Delhi - DPCC",9,353.38,313.81,392.94
"Nehru Nagar, Delhi - DPCC",10,441.66,402.09,481.23
"Nehru Nagar, Delhi - DPCC",11,447.2,407.64,486.77
"Nehru Nagar, Delhi - DPCC",12,422.88,383.32,462.45
"New Industrial Town, Faridabad",1,292.71,258.14,327.28
"New Industrial Town, Faridabad",2,292.71,258.14,327.28
"New Industrial Town, Faridabad",3,292.71,258.14,327.28
"New Industrial Town, Faridabad",4,225.68,191.11,260.24
"New Industrial Town, Faridabad",5,225.68,191.11,260.24
"New Industrial Town, Faridabad",6,225.68,191.11,260.24
"New Industrial Town, Faridabad",7,222.6,188.04,257.17
"New Industrial Town, Faridabad",8,222.6,188.04,257.17
"New Industrial Town, Faridabad",9,222.6,188.04,257.17
"New Industrial Town, Faridabad",10,289.64,255.07,324.2
"New Industrial Town, Faridabad",11,298.46,263.9,333.03
"New Industrial Town, Faridabad",12,292.71,258.14,327.28
New_Industrial_Town,1,292.71,258.14,327.28
New_Industrial_Town,2,292.71,258.14,327.28
New_Industrial_Town,3,292.71,258.14,327.28
New_Industrial_Town,4,225.68,191.11,260.24
New_Industrial_Town,5,225.68,191.11,260.24
New_Industrial_Town,6,225.68,191.11,260.24
New_Industrial_Town,7,222.6,188.04,257.17
New_Industrial_Town,8,222.6,188.04,257.17
New_Industrial_Town,9,222.6,188.04,257.17
New_Industrial_Town,10,289.64,255.07,324.2
New_Industrial_Town,11,298.46,263.9,333.03
New_Industrial_Town,12,292.71,258.14,327.28
"North Campus, DU, Delhi - IMD",1,411.3,382.47,440.13
"North Campus, DU, Delhi - IMD",2,393.06,364.23,421.88
"North Campus, DU, Delhi - IMD",3,349.77,320.94,378.6
"North Campus, DU, Delhi - IMD",4,345.7,316.87,374.52
"North Campus, DU, Delhi - IMD",5,365.06,336.23,393.89
"North Campus, DU, Delhi - IMD",6,333.4,304.57,362.23
"North Campus, DU, Delhi - IMD",7,319.39,290.56,348.22
"North Campus, DU, Delhi - IMD",8,332.04,303.21,360.86
"North Campus, DU, Delhi - IMD",9,313.14,284.31,341.96
"North Campus, DU, Delhi - IMD",10,352.93,324.1,381.75
"North Campus, DU, Delhi - IMD",11,373.28,344.46,402.11
"North Campus, DU, Delhi - IMD",12,386.65,357.82,415.48
"Okhla Phase-2, Delhi - DPCC",1,437.37,406.14,468.6
"Okhla Phase-2, Delhi - DPCC",2,437.37,406.14,468.6
"Okhla Phase-2, Delhi - DPCC",3,379.65,348.42,410.88
"Okhla Phase-2, Delhi - DPCC",4,377.93,346.7,409.16
"Okhla Phase-2, Delhi - DPCC",5,384.78,353.55,416.01
"Okhla Phase-2, Delhi - DPCC",6,403.72,372.49,434.95
"Okhla Phase-2, Delhi - DPCC",7,403.72,372.49,434.95
"Okhla Phase-2, Delhi - DPCC",8,397.4,366.17,428.63
"Okhla Phase-2, Delhi - DPCC",9,384.34,353.11,415.57
"Okhla Phase-2, Delhi - DPCC",10,446.73,415.5,477.96
"Okhla Phase-2, Delhi - DPCC",11,471.64,440.41,502.87
"Okhla Phase-2, Delhi - DPCC",12,456.3,425.07,487.53
"Pallavpuram Phase II, Meerut",1,222.63,172.57,272.69
"Pallavpuram Phase II, Meerut",2,222.63,172.57,272.69
"Pallavpuram Phase II, Meerut",3,159.36,109.3,209.42
"Pallavpuram Phase II, Meerut",4,124.51,74.45,174.57
"Pallavpuram Phase II, Meerut",5,100.34,50.28,150.4
"Pallavpuram Phase II, Meerut",6,108.72,58.66,158.78
"Pallavpuram Phase II, Meerut",7,108.72,58.66,158.78
"Pallavpuram Phase II, Meerut",8,108.72,58.66,158.78
"Pallavpuram Phase II, Meerut",9,108.72,58.66,158.78
"Pallavpuram Phase II, Meerut",10,194.17,144.11,244.23
"Pallavpuram Phase II, Meerut",11,199.87,149.81,249.93
"Pallavpuram Phase II, Meerut",12,182.63,132.57,232.69
"Patparganj, Delhi - DPCC",1,424.73,394.04,455.41
"Patparganj, Delhi - DPCC",2,424.73,394.04,455.41
"Patparganj, Delhi - DPCC",3,371.59,340.91,402.28
"Patparganj, Delhi - DPCC",4,363.63,332.95,394.32
"Patparganj, Delhi - DPCC",5,359.69,329.0,390.37
"Patparganj, Delhi - DPCC",6,367.52,336.84,398.2
"Patparganj, Delhi - DPCC",7,367.51,336.83,398.2
"Patparganj, Delhi - DPCC",8,365.75,335.06,396.43
"Patparganj, Delhi - DPCC",9,361.83,331.15,392.52
"Patparganj, Delhi - DPCC",10,423.35,392.66,454.03
"Patparganj, Delhi - DPCC",11,429.82,399.14,460.51
"Patparganj, Delhi - DPCC",12,427.26,396.57,457.94
"Powai, Mumbai - MPCB",1,148.54,124.91,172.18
"Powai, Mumbai - MPCB",2,148.54,124.91,172.18
"Powai, Mumbai - MPCB",3,127.46,103.83,151.1
"Powai, Mumbai - MPCB",4,107.21,83.58,130.85
"Powai, Mumbai - MPCB",5,107.21,83.58,130.85
"Powai, Mumbai - MPCB",6,103.74,80.11,127.38
"Powai, Mumbai - MPCB",7,88.06,64.43,111.7
"Powai, Mumbai - MPCB",8,88.06,64.43,111.7
"Powai, Mumbai - MPCB",9,76.55,52.91,100.19
"Powai, Mumbai - MPCB",10,113.04,89.41,136.68
"Powai, Mumbai - MPCB",11,132.18,108.55,155.82
"Powai, Mumbai - MPCB",12,143.7,120.06,167.33
"Punjabi Bagh, Delhi - DPCC",1,406.07,365.43,446.72
"Punjabi Bagh, Delhi - DPCC",2,398.07,357.43,438.71
"Punjabi Bagh, Delhi - DPCC",3,355.47,314.83,396.11
"Punjabi Bagh, Delhi - DPCC",4,367.08,326.43,407.72
"Punjabi Bagh, Delhi - DPCC",5,358.71,318.07,399.36
"Punjabi Bagh, Delhi - DPCC",6,383.83,343.18,424.47
"Punjabi Bagh, Delhi - DPCC",7,346.44,305.8,387.09
"Punjabi Bagh, Delhi - DPCC",8,344.52,303.87,385.16
"Punjabi Bagh, Delhi - DPCC",9,323.4,282.76,364.05
"Punjabi Bagh, Delhi - DPCC",10,451.89,411.24,492.53
"Punjabi Bagh, Delhi - DPCC",11,438.16,397.51,478.8
"Punjabi Bagh, Delhi - DPCC",12,434.1,393.46,474.75
"Pusa, Delhi - DPCC",1,439.08,400.77,477.4
"Pusa, Delhi - DPCC",2,439.08,400.77,477.4
"Pusa, Delhi - DPCC",3,372.32,334.0,410.64
"Pusa, Delhi - DPCC",4,363.95,325.63,402.26
"Pusa, Delhi - DPCC",5,368.47,330.15,406.78
"Pusa, Delhi - DPCC",6,371.91,333.59,410.22
"Pusa, Delhi - DPCC",7,391.24,352.92,429.56
"Pusa, Delhi - DPCC",8,369.99,331.68,408.31
"Pusa, Delhi - DPCC",9,359.49,321.17,397.8
"Pusa, Delhi - DPCC",10,461.36,423.04,499.68
"Pusa, Delhi - DPCC",11,423.74,385.42,462.05
"Pusa, Delhi - DPCC",12,465.33,427.02,503.65
"Pusa, Delhi - IMD",1,97.7,96.89,98.51
"Pusa, Delhi - IMD",2,97.7,96.89,98.51
"Pusa, Delhi - IMD",3,98.73,97.92,99.55
"Pusa, Delhi - IMD",4,98.73,97.92,99.55
"Pusa, Delhi - IMD",5,98.73,97.92,99.55
"Pusa, Delhi - IMD",6,98.73,97.92,99.55
"Pusa, Delhi - IMD",7,97.1,96.29,97.91
"Pusa, Delhi - IMD",8,98.39,97.58,99.21
"Pusa, Delhi - IMD",9,98.39,97.58,99.21
"Pusa, Delhi - IMD",10,97.36,96.55,98.17
"Pusa, Delhi - IMD",11,97.36,96.55,98.17
"Pusa, Delhi - IMD",12,96.07,95.25,96.88
"R K Puram, Delhi - DPCC",1,425.01,407.53,442.5
"R K Puram, Delhi - DPCC",2,405.44,387.95,422.93
"R K Puram, Delhi - DPCC",3,396.34,378.85,413.83
"R K Puram, Delhi - DPCC",4,387.65,370.17,405.14
"R K Puram, Delhi - DPCC",5,402.61,385.13,420.1
"R K Puram, Delhi - DPCC",6,393.44,375.95,410.92
"R K Puram, Delhi - DPCC",7,367.28,349.79,384.77
"R K Puram, Delhi - DPCC",8,386.41,368.93,403.9
"R K Puram, Delhi - DPCC",9,385.08,367.59,402.56
"R K Puram, Delhi - DPCC",10,413.47,395.99,430.96
"R K Puram, Delhi - DPCC",11,435.54,418.05,453.02
"R K Puram, Delhi - DPCC",12,414.35,396.86,431.84
"RIICO_Ind._Area_III, Bhiwadi",1,250.61,240.0,261.23
"RIICO_Ind._Area_III, Bhiwadi",2,264.92,254.3,275.53
"RIICO_Ind._Area_III, Bhiwadi",3,257.06,246.45,267.68
"RIICO_Ind._Area_III, Bhiwadi",4,246.9,236.29,257.52
"RIICO_Ind._Area_III, Bhiwadi",5,241.44,230.83,252.06
"RIICO_Ind._Area_III, Bhiwadi",6,252.42,241.81,263.03
"RIICO_Ind._Area_III, Bhiwadi",7,252.42,241.81,263.03
"RIICO_Ind._Area_III, Bhiwadi",8,256.15,245.54,266.76
"RIICO_Ind._Area_III, Bhiwadi",9,263.98,253.36,274.59
"RIICO_Ind._Area_III, Bhiwadi",10,280.68,270.07,291.29
"RIICO_Ind._Area_III, Bhiwadi",11,265.46,254.85,276.07
"RIICO_Ind._Area_III, Bhiwadi",12,250.61,240.0,261.23
"Rohini, Delhi - DPCC",1,449.73,423.97,475.5
"Rohini, Delhi - DPCC",2,449.73,423.97,475.5
"Rohini, Delhi - DPCC",3,396.71,370.94,422.47
"Rohini, Delhi - DPCC",4,389.55,363.78,415.31
"Rohini, Delhi - DPCC",5,419.17,393.4,444.93
"Rohini, Delhi - DPCC",6,435.61,409.85,461.38
"Rohini, Delhi - DPCC",7,407.1,381.33,432.86
"Rohini, Delhi - DPCC",8,403.03,377.27,428.8
"Rohini, Delhi - DPCC",9,406.12,380.35,431.88
"Rohini, Delhi - DPCC",10,465.57,439.8,491.33
"Rohini, Delhi - DPCC",11,464.48,438.71,490.24
"Rohini, Delhi - DPCC",12,445.71,419.95,471.48
"Sanjay_Nagar, Ghaziabad",1,256.08,211.81,300.35
"Sanjay_Nagar, Ghaziabad",2,256.08,211.81,300.35
"Sanjay_Nagar, Ghaziabad",3,212.67,168.4,256.95
"Sanjay_Nagar, Ghaziabad",4,161.29,117.02,205.56
"Sanjay_Nagar, Ghaziabad",5,154.76,110.49,199.03
"Sanjay_Nagar, Ghaziabad",6,154.76,110.49,199.03
"Sanjay_Nagar, Ghaziabad",7,154.76,110.49,199.03
"Sanjay_Nagar, Ghaziabad",8,155.22,110.95,199.49
"Sanjay_Nagar, Ghaziabad",9,155.22,110.95,199.49
"Sanjay_Nagar, Ghaziabad",10,235.44,191.17,279.71
"Sanjay_Nagar, Ghaziabad",11,237.9,193.63,282.17
"Sanjay_Nagar, Ghaziabad",12,237.44,193.17,281.71
"Sector - 11, Faridabad",1,284.92,232.33,337.5
"Sector - 11, Faridabad",2,284.92,232.33,337.5
"Sector - 11, Faridabad",3,284.92,232.33,337.5
"Sector - 11, Faridabad",4,207.24,154.66,259.82
"Sector - 11, Faridabad",5,183.78,131.2,236.37
"Sector - 11, Faridabad",6,208.86,156.28,261.45
"Sector - 11, Faridabad",7,174.38,121.8,226.97
"Sector - 11, Faridabad",8,145.15,92.57,197.74
"Sector - 11, Faridabad",9,116.5,63.91,169.08
"Sector - 11, Faridabad",10,222.83,170.24,275.41
"Sector - 11, Faridabad",11,233.39,180.81,285.97
"Sector - 11, Faridabad",12,243.68,191.1,296.27
Sector 1 Noida,1,302.65,242.18,363.11
Sector 1 Noida,2,284.21,223.74,344.67
Sector 1 Noida,3,185.4,124.94,245.87
Sector 1 Noida,4,178.39,117.92,238.85
Sector 1 Noida,5,185.54,125.08,246.01
Sector 1 Noida,6,138.96,78.5,199.43
Sector 1 Noida,7,140.91,80.45,201.38
Sector 1 Noida,8,124.52,64.05,184.98
Sector 1 Noida,9,97.93,37.47,158.4
Sector 1 Noida,10,205.06,144.6,265.53
Sector 1 Noida,11,212.55,152.08,273.01
Sector 1 Noida,12,250.23,189.77,310.7
Sector 116 Noida,1,297.2,233.05,361.34
Sector 116 Noida,2,297.2,233.05,361.34
Sector 116 Noida,3,193.32,129.18,257.47
Sector 116 Noida,4,193.32,129.18,257.47
Sector 116 Noida,5,208.53,144.38,272.68
Sector 116 Noida,6,149.89,85.74,214.04
Sector 116 Noida,7,134.91,70.77,199.06
Sector 116 Noida,8,117.86,53.71,182.01
Sector 116 Noida,9,95.17,31.03,159.32
Sector 116 Noida,10,206.76,142.61,270.9
Sector 116 Noida,11,246.23,182.09,310.38
Sector 116 Noida,12,262.91,198.76,327.06
Sector 125 Noida,1,264.85,234.64,295.06
Sector 125 Noida,2,269.66,239.45,299.87
Sector 125 Noida,3,237.87,207.66,268.08
Sector 125 Noida,4,221.28,191.07,251.49
Sector 125 Noida,5,220.57,190.36,250.78
Sector 125 Noida,6,222.62,192.41,252.83
Sector 125 Noida,7,214.07,183.86,244.28
Sector 125 Noida,8,192.79,162.58,223.0
Sector 125 Noida,9,200.55,170.34,230.76
Sector 125 Noida,10,242.86,212.65,273.07
Sector 125 Noida,11,240.76,210.54,270.97
Sector 125 Noida,12,249.58,219.37,279.79
Sector 62 Noida,1,332.42,280.51,384.33
Sector 62 Noida,2,255.18,203.27,307.1
Sector 62 Noida,3,200.24,148.32,252.15
Sector 62 Noida,4,192.01,140.1,243.92
Sector 62 Noida,5,213.65,161.74,265.56
Sector 62 Noida,6,210.5,158.59,262.41
Sector 62 Noida,7,186.55,134.64,238.46
Sector 62 Noida,8,193.63,141.72,245.55
Sector 62 Noida,9,213.57,161.66,265.48
Sector 62 Noida,10,266.89,214.98,318.8
Sector 62 Noida,11,304.35,252.44,356.26
Sector 62 Noida,12,332.42,280.51,384.33
"Sector-16A, Faridabad",1,329.22,254.37,404.07
"Sector-16A, Faridabad",2,243.81,168.96,318.66
"Sector-16A, Faridabad",3,180.42,105.57,255.27
"Sector-16A, Faridabad",4,186.06,111.21,260.91
"Sector-16A, Faridabad",5,217.17,142.32,292.02
"Sector-16A, Faridabad",6,163.56,88.71,238.41
"Sector-16A, Faridabad",7,157.35,82.5,232.2
"Sector-16A, Faridabad",8,161.71,86.86,236.56
"Sector-16A, Faridabad",9,107.96,33.11,182.81
"Sector-16A, Faridabad",10,192.91,118.06,267.76
"Sector-16A, Faridabad",11,337.27,262.42,412.12
"Sector-16A, Faridabad",12,340.78,265.93,415.63
Sector-18_Panipat,1,168.96,137.63,200.29
Sector-18_Panipat,2,191.99,160.66,223.32
Sector-18_Panipat,3,154.06,122.73,185.39
Sector-18_Panipat,4,146.3,114.97,177.63
Sector-18_Panipat,5,114.98,83.65,146.31
Sector-18_Panipat,6,89.33,58.0,120.66
Sector-18_Panipat,7,107.06,75.73,138.39
Sector-18_Panipat,8,114.24,82.91,145.57
Sector-18_Panipat,9,117.03,85.7,148.36
Sector-18_Panipat,10,161.32,129.99,192.65
Sector-18_Panipat,11,161.32,129.99,192.65
Sector-18_Panipat,12,169.47,138.14,200.8
"Sector-30, Faridabad",1,213.48,168.59,258.36
"Sector-30, Faridabad",2,213.48,168.59,258.36
"Sector-30, Faridabad",3,213.48,168.59,258.36
"Sector-30, Faridabad",4,185.25,140.37,230.14
"Sector-30, Faridabad",5,141.91,97.02,186.79
"Sector-30, Faridabad",6,147.67,102.79,192.56
"Sector-30, Faridabad",7,97.28,52.39,142.17
"Sector-30, Faridabad",8,113.95,69.06,158.84
"Sector-30, Faridabad",9,113.95,69.06,158.84
"Sector-30, Faridabad",10,185.52,140.63,230.41
"Sector-30, Faridabad",11,180.67,135.79,225.56
"Sector-30, Faridabad",12,186.44,141.56,231.33
Sector-51 Gurugram - HSPCB,1,191.11,150.35,231.88
Sector-51 Gurugram - HSPCB,2,191.11,150.35,231.88
Sector-51 Gurugram - HSPCB,3,191.11,150.35,231.88
Sector-51 Gurugram - HSPCB,4,150.04,109.27,190.8
Sector-51 Gurugram - HSPCB,5,150.04,109.27,190.8
Sector-51 Gurugram - HSPCB,6,150.04,109.27,190.8
Sector-51 Gurugram - HSPCB,7,150.04,109.27,190.8
Sector-51 Gurugram - HSPCB,8,150.04,109.27,190.8
Sector-51 Gurugram - HSPCB,9,150.04,109.27,190.8
Sector-51 Gurugram - HSPCB,10,218.87,178.1,259.63
Sector-51 Gurugram - HSPCB,11,218.87,178.1,259.63
Sector-51 Gurugram - HSPCB,12,218.87,178.1,259.63
"Sector-51, Gurugram - HSPCB",1,191.11,150.35,231.88
"Sector-51, Gurugram - HSPCB",2,191.11,150.35,231.88
"Sector-51, Gurugram - HSPCB",3,191.11,150.35,231.88
"Sector-51, Gurugram - HSPCB",4,150.04,109.27,190.8
"Sector-51, Gurugram - HSPCB",5,150.04,109.27,190.8
"Sector-51, Gurugram - HSPCB",6,150.04,109.27,190.8
"Sector-51, Gurugram - HSPCB",7,150.04,109.27,190.8
"Sector-51, Gurugram - HSPCB",8,150.04,109.27,190.8
"Sector-51, Gurugram - HSPCB",9,150.04,109.27,190.8
"Sector-51, Gurugram - HSPCB",10,218.87,178.1,259.63
"Sector-51, Gurugram - HSPCB",11,218.87,178.1,259.63
"Sector-51, Gurugram - HSPCB",12,218.87,178.1,259.63
Sector-_16A,1,329.22,254.37,404.07
Sector-_16A,2,243.81,168.96,318.66
Sector-_16A,3,180.42,105.57,255.27
Sector-_16A,4,186.06,111.21,260.91
Sector-_16A,5,217.17,142.32,292.02
Sector-_16A,6,163.56,88.71,238.41
Sector-_16A,7,157.35,82.5,232.2
Sector-_16A,8,161.71,86.86,236.56
Sector-_16A,9,107.96,33.11,182.81
Sector-_16A,10,192.91,118.06,267.76
Sector-_16A,11,337.27,262.42,412.12
Sector-_16A,12,340.78,265.93,415.63
Sector_11,1,284.92,232.33,337.5
Sector_11,2,284.92,232.33,337.5
Sector_11,3,284.92,232.33,337.5
Sector_11,4,207.24,154.66,259.82
Sector_11,5,183.78,131.2,236.37
Sector_11,6,208.86,156.28,261.45
Sector_11,7,174.38,121.8,226.97
Sector_11,8,145.15,92.57,197.74
Sector_11,9,116.5,63.91,169.08
Sector_11,10,222.83,170.24,275.41
Sector_11,11,233.39,180.81,285.97
Sector_11,12,243.68,191.1,296.27
Sector_30,1,213.48,168.59,258.36
Sector_30,2,213.48,168.59,258.36
Sector_30,3,213.48,168.59,258.36
Sector_30,4,185.25,140.37,230.14
Sector_30,5,141.91,97.02,186.79
Sector_30,6,147.67,102.79,192.56
Sector_30,7,97.28,52.39,142.17
Sector_30,8,113.95,69.06,158.84
Sector_30,9,113.95,69.06,158.84
Sector_30,10,185.52,140.63,230.41
Sector_30,11,180.67,135.79,225.56
Sector_30,12,186.44,141.56,231.33
"Shadipur, Delhi - CPCB",1,431.95,416.6,447.31
"Shadipur, Delhi - CPCB",2,431.95,416.6,447.31
"Shadipur, Delhi - CPCB",3,414.64,399.29,430.0
"Shadipur, Delhi - CPCB",4,400.04,384.68,415.4
"Shadipur, Delhi - CPCB",5,400.04,384.68,415.4
"Shadipur, Delhi - CPCB",6,400.04,384.68,415.4
"Shadipur, Delhi - CPCB",7,400.04,384.68,415.4
"Shadipur, Delhi - CPCB",8,400.04,384.68,415.4
"Shadipur, Delhi - CPCB",9,398.41,383.06,413.77
"Shadipur, Delhi - CPCB",10,431.95,416.6,447.31
"Shadipur, Delhi - CPCB",11,431.95,416.6,447.31
"Shadipur, Delhi - CPCB",12,431.95,416.6,447.31
"Siddharth Nagar-Worli, Mumbai - IITM",1,118.97,118.97,118.97
"Siddharth Nagar-Worli, Mumbai - IITM",2,118.97,118.97,118.97
"Siddharth Nagar-Worli, Mumbai - IITM",3,118.97,118.97,118.97
"Siddharth Nagar-Worli, Mumbai - IITM",4,118.97,118.97,118.97
"Siddharth Nagar-Worli, Mumbai - IITM",5,118.97,118.97,118.97
"Siddharth Nagar-Worli, Mumbai - IITM",6,118.97,118.97,118.97
"Siddharth Nagar-Worli, Mumbai - IITM",7,118.97,118.97,118.97
"Siddharth Nagar-Worli, Mumbai - IITM",8,118.97,118.97,118.97
"Siddharth Nagar-Worli, Mumbai - IITM",9,118.97,118.97,118.97
"Siddharth Nagar-Worli, Mumbai - IITM",10,118.97,118.97,118.97
"Siddharth Nagar-Worli, Mumbai - IITM",11,118.97,118.97,118.97
"Siddharth Nagar-Worli, Mumbai - IITM",12,118.97,118.97,118.97
"Sion, Mumbai - MPCB",1,181.63,143.84,219.43
"Sion, Mumbai - MPCB",2,181.63,143.84,219.43
"Sion, Mumbai - MPCB",3,161.57,123.77,199.36
"Sion, Mumbai - MPCB",4,109.3,71.5,147.09
"Sion, Mumbai - MPCB",5,102.17,64.38,139.96
"Sion, Mumbai - MPCB",6,104.06,66.27,141.86
"Sion, Mumbai - MPCB",7,87.52,49.73,125.31
"Sion, Mumbai - MPCB",8,87.52,49.73,125.31
"Sion, Mumbai - MPCB",9,87.52,49.73,125.31
"Sion, Mumbai - MPCB",10,137.85,100.05,175.64
"Sion, Mumbai - MPCB",11,159.86,122.07,197.65
"Sion, Mumbai - MPCB",12,182.38,144.59,220.18
"Sirifort, Delhi - CPCB",1,404.5,366.59,442.41
"Sirifort, Delhi - CPCB",2,371.24,333.33,409.15
"Sirifort, Delhi - CPCB",3,385.34,347.43,423.25
"Sirifort, Delhi - CPCB",4,346.64,308.73,384.55
"Sirifort, Delhi - CPCB",5,340.39,302.48,378.3
"Sirifort, Delhi - CPCB",6,340.39,302.48,378.3
"Sirifort, Delhi - CPCB",7,328.64,290.74,366.55
"Sirifort, Delhi - CPCB",8,290.07,252.16,327.98
"Sirifort, Delhi - CPCB",9,299.08,261.17,336.99
"Sirifort, Delhi - CPCB",10,329.18,291.27,367.09
"Sirifort, Delhi - CPCB",11,334.99,297.08,372.9
"Sirifort, Delhi - CPCB",12,406.83,368.92,444.74
"Sonia Vihar, Delhi - DPCC",1,421.67,397.58,445.76
"Sonia Vihar, Delhi - DPCC",2,421.67,397.58,445.76
"Sonia Vihar, Delhi - DPCC",3,377.41,353.32,401.5
"Sonia Vihar, Delhi - DPCC",4,377.44,353.35,401.53
"Sonia Vihar, Delhi - DPCC",5,392.07,367.98,416.16
"Sonia Vihar, Delhi - DPCC",6,405.83,381.74,429.92
"Sonia Vihar, Delhi - DPCC",7,424.35,400.26,448.44
"Sonia Vihar, Delhi - DPCC",8,402.46,378.38,426.55
"Sonia Vihar, Delhi - DPCC",9,382.49,358.4,406.58
"Sonia Vihar, Delhi - DPCC",10,432.45,408.36,456.54
"Sonia Vihar, Delhi - DPCC",11,457.2,433.11,481.29
"Sonia Vihar, Delhi - DPCC",12,432.22,408.13,456.31
"Sri Aurobindo Marg, Delhi - DPCC",1,369.08,333.85,404.32
"Sri Aurobindo Marg, Delhi - DPCC",2,369.08,333.85,404.32
"Sri Aurobindo Marg, Delhi - DPCC",3,315.03,279.8,350.26
"Sri Aurobindo Marg, Delhi - DPCC",4,298.31,263.07,333.54
"Sri Aurobindo Marg, Delhi - DPCC",5,315.1,279.87,350.34
"Sri Aurobindo Marg, Delhi - DPCC",6,333.57,298.33,368.8
"Sri Aurobindo Marg, Delhi - DPCC",7,327.98,292.75,363.22
"Sri Aurobindo Marg, Delhi - DPCC",8,340.0,304.77,375.24
"Sri Aurobindo Marg, Delhi - DPCC",9,324.5,289.27,359.73
"Sri Aurobindo Marg, Delhi - DPCC",10,392.9,357.67,428.13
"Sri Aurobindo Marg, Delhi - DPCC",11,389.12,353.88,424.35
"Sri Aurobindo Marg, Delhi - DPCC",12,375.12,339.89,410.35
Teri Gram Gurugram - HSPCB,1,267.99,236.47,299.51
Teri Gram Gurugram - HSPCB,2,267.99,236.47,299.51
Teri Gram Gurugram - HSPCB,3,267.99,236.47,299.51
Teri Gram Gurugram - HSPCB,4,205.33,173.81,236.85
Teri Gram Gurugram - HSPCB,5,205.33,173.81,236.85
Teri Gram Gurugram - HSPCB,6,205.33,173.81,236.85
Teri Gram Gurugram - HSPCB,7,205.33,173.81,236.85
Teri Gram Gurugram - HSPCB,8,205.33,173.81,236.85
Teri Gram Gurugram - HSPCB,9,205.33,173.81,236.85
Teri Gram Gurugram - HSPCB,10,267.99,236.47,299.51
Teri Gram Gurugram - HSPCB,11,267.99,236.47,299.51
Teri Gram Gurugram - HSPCB,12,267.99,236.47,299.51
"Teri Gram, Gurugram - HSPCB",1,267.99,236.47,299.51
"Teri Gram, Gurugram - HSPCB",2,267.99,236.47,299.51
"Teri Gram, Gurugram - HSPCB",3,267.99,236.47,299.51
"Teri Gram, Gurugram - HSPCB",4,205.33,173.81,236.85
"Teri Gram, Gurugram - HSPCB",5,205.33,173.81,236.85
"Teri Gram, Gurugram - HSPCB",6,205.33,173.81,236.85
"Teri Gram, Gurugram - HSPCB",7,205.33,173.81,236.85
"Teri Gram, Gurugram - HSPCB",8,205.33,173.81,236.85
"Teri Gram, Gurugram - HSPCB",9,205.33,173.81,236.85
"Teri Gram, Gurugram - HSPCB",10,267.99,236.47,299.51
"Teri Gram, Gurugram - HSPCB",11,267.99,236.47,299.51
"Teri Gram, Gurugram - HSPCB",12,267.99,236.47,299.51
"Vasai West, Mumbai - MPCB",1,136.48,105.03,167.92
"Vasai West, Mumbai - MPCB",2,161.04,129.6,192.49
"Vasai West, Mumbai - MPCB",3,130.03,98.59,161.48
"Vasai West, Mumbai - MPCB",4,114.92,83.48,146.36
"Vasai West, Mumbai - MPCB",5,114.92,83.48,146.36
"Vasai West, Mumbai - MPCB",6,84.14,52.7,115.58
"Vasai West, Mumbai - MPCB",7,70.05,38.61,101.5
"Vasai West, Mumbai - MPCB",8,70.05,38.61,101.5
"Vasai West, Mumbai - MPCB",9,59.72,28.27,91.16
"Vasai West, Mumbai - MPCB",10,103.67,72.23,135.12
"Vasai West, Mumbai - MPCB",11,117.76,86.32,149.2
"Vasai West, Mumbai - MPCB",12,145.25,113.8,176.69
Vikas Sadan Gurugram - HSPCB,1,224.34,207.16,241.52
Vikas Sadan Gurugram - HSPCB,2,201.94,184.77,219.12
Vikas Sadan Gurugram - HSPCB,3,196.74,179.56,213.92
Vikas Sadan Gurugram - HSPCB,4,202.7,185.52,219.88
Vikas Sadan Gurugram - HSPCB,5,210.88,193.7,228.06
Vikas Sadan Gurugram - HSPCB,6,210.88,193.7,228.06
Vikas Sadan Gurugram - HSPCB,7,209.41,192.24,226.59
Vikas Sadan Gurugram - HSPCB,8,198.18,181.0,215.36
Vikas Sadan Gurugram - HSPCB,9,198.18,181.0,215.36
Vikas Sadan Gurugram - HSPCB,10,235.56,218.39,252.74
Vikas Sadan Gurugram - HSPCB,11,201.31,184.13,218.49
Vikas Sadan Gurugram - HSPCB,12,223.63,206.45,240.81
"Vikas Sadan, Gurugram - HSPCB",1,205.11,190.34,219.87
"Vikas Sadan, Gurugram - HSPCB",2,197.31,182.55,212.07
"Vikas Sadan, Gurugram - HSPCB",3,179.51,164.75,194.28
"Vikas Sadan, Gurugram - HSPCB",4,183.04,168.28,197.8
"Vikas Sadan, Gurugram - HSPCB",5,192.55,177.79,207.32
"Vikas Sadan, Gurugram - HSPCB",6,192.55,177.79,207.32
"Vikas Sadan, Gurugram - HSPCB",7,183.0,168.23,197.76
"Vikas Sadan, Gurugram - HSPCB",8,170.08,155.31,184.84
"Vikas Sadan, Gurugram - HSPCB",9,167.25,152.49,182.01
"Vikas Sadan, Gurugram - HSPCB",10,196.42,181.65,211.18
"Vikas Sadan, Gurugram - HSPCB",11,207.03,192.26,221.79
"Vikas Sadan, Gurugram - HSPCB",12,192.4,177.64,207.16
"Vile Parle West, Mumbai - MPCB",1,168.04,144.18,191.91
"Vile Parle West, Mumbai - MPCB",2,182.61,158.74,206.47
"Vile Parle West, Mumbai - MPCB",3,144.75,120.89,168.62
"Vile Parle West, Mumbai - MPCB",4,159.07,135.21,182.94
"Vile Parle West, Mumbai - MPCB",5,158.36,134.49,182.22
"Vile Parle West, Mumbai - MPCB",6,119.82,95.96,143.69
"Vile Parle West, Mumbai - MPCB",7,119.33,95.47,143.2
"Vile Parle West, Mumbai - MPCB",8,132.94,109.07,156.8
"Vile Parle West, Mumbai - MPCB",9,114.09,90.22,137.95
"Vile Parle West, Mumbai - MPCB",10,127.82,103.95,151.68
"Vile Parle West, Mumbai - MPCB",11,151.94,128.08,175.81
"Vile Parle West, Mumbai - MPCB",12,163.67,139.8,187.53
"Vivek Vihar, Delhi - DPCC",1,453.84,422.77,484.9
"Vivek Vihar, Delhi - DPCC",2,453.84,422.77,484.9
"Vivek Vihar, Delhi - DPCC",3,400.07,369.0,431.13
"Vivek Vihar, Delhi - DPCC",4,390.22,359.15,421.28
"Vivek Vihar, Delhi - DPCC",5,393.26,362.2,424.33
"Vivek Vihar, Delhi - DPCC",6,397.47,366.4,428.53
"Vivek Vihar, Delhi - DPCC",7,406.57,375.51,437.64
"Vivek Vihar, Delhi - DPCC",8,404.09,373.02,435.16
"Vivek Vihar, Delhi - DPCC",9,389.33,358.27,420.4
"Vivek Vihar, Delhi - DPCC",10,455.09,424.03,486.16
"Vivek Vihar, Delhi - DPCC",11,470.45,439.38,501.51
"Vivek Vihar, Delhi - DPCC",12,458.01,426.94,489.07
"Wazirpur, Delhi - DPCC",1,449.9,412.93,486.88
"Wazirpur, Delhi - DPCC",2,449.9,412.93,486.88
"Wazirpur, Delhi - DPCC",3,388.44,351.47,425.41
"Wazirpur, Delhi - DPCC",4,387.16,350.19,424.14
"Wazirpur, Delhi - DPCC",5,401.47,364.49,438.44
"Wazirpur, Delhi - DPCC",6,388.21,351.24,425.19
"Wazirpur, Delhi - DPCC",7,416.71,379.74,453.68
"Wazirpur, Delhi - DPCC",8,443.69,406.72,480.67
"Wazirpur, Delhi - DPCC",9,459.51,422.54,496.48
"Wazirpur, Delhi - DPCC",10,504.96,467.99,541.93
"Wazirpur, Delhi - DPCC",11,478.4,441.43,515.37
"Wazirpur, Delhi - DPCC",12,461.0,424.03,497.98
"Worli, Mumbai - MPCB",1,147.95,115.6,180.29
"Worli, Mumbai - MPCB",2,142.11,109.76,174.45
"Worli, Mumbai - MPCB",3,109.43,77.08,141.78
"Worli, Mumbai - MPCB",4,95.09,62.75,127.44
"Worli, Mumbai - MPCB",5,93.43,61.08,125.78
"Worli, Mumbai - MPCB",6,86.1,53.76,118.45
"Worli, Mumbai - MPCB",7,82.13,49.79,114.48
"Worli, Mumbai - MPCB",8,49.63,17.28,81.98
"Worli, Mumbai - MPCB",9,58.26,25.91,90.6
"Worli, Mumbai - MPCB",10,105.27,72.92,137.62
"Worli, Mumbai - MPCB",11,121.93,89.58,154.27
"Worli, Mumbai - MPCB",12,157.64,125.3,189.99
